UniqueID,Course,Date,Item,Type,Duration_Cleaned,Week,duration_hours
10568,NCLEX_335,2025-05-05,On-campus_session,Lecture,3:00:00,19,3.0
10569,NCLEX_335,2025-05-05,Attestation_Quiz,Assignment,,19,
10570,NCLEX_335,2025-05-05,Mid-HESI_Registration,Assignment,,19,
10571,NCLEX_335,2025-05-05,Nearpod_Activity,Activity,0:15:00,19,0.25
10572,NCLEX_335,2025-05-05,Escape-Room_Prioritization,Activity,0:08:00,19,0.13333333333333333
10573,NCLEX_335,2025-05-12,On-campus_session,Lecture,2:00:00,20,2.0
10574,NCLEX_335,2025-05-12,HESI_Exam_Prep,Assignment,,20,
10575,NCLEX_335,2025-05-12,HESI_Health-Assessment_Exam,Exam,2:00:00,20,2.0
10576,NCLEX_335,2025-05-12,Coronary_Artery_Disease_Activity,Assignment,,20,
10577,NCLEX_335,2025-05-12,COPD_Pneumonia_Activity,Assignment,,20,
10578,NCLEX_335,2025-05-12,Reflection_Quiz,Quiz,,20,
10579,NCLEX_335,2025-05-14,Quiz_1:_Health_Assessment_Foundations,Quiz,,20,
10580,NCLEX_335,2025-05-19,Zoom_session_Module_3:_Nutrition_Wellness,Lecture,3:00:00,21,3.0
10581,NCLEX_335,2025-05-26,Memorial_Day,Holiday,,22,
10582,NCLEX_335,2025-05-27,Health_Assessment_Remediation_-_Case_Studies,Assignment,,22,
10583,NCLEX_335,2025-05-27,Health_Assessment_Remediation_-_Learning_Templates,Assignment,,22,
10584,NCLEX_335,2025-06-02,On-campus_session_Quiz_2_HESI_Nutrition_Exam,Lecture,3:00:00,23,3.0
10585,NCLEX_335,2025-06-02,Quiz_2:_Health_Promotion_Pharmacology,Quiz,,23,
10586,NCLEX_335,2025-06-02,HESI_Exam_Prep:_Nutrition,Assignment,,23,
10587,NCLEX_335,2025-06-02,HESI_Nutrition_Exam,Exam,2:00:00,23,2.0
10588,NCLEX_335,2025-06-02,Reflection_Quiz,Quiz,,23,
10589,NCLEX_335,2025-06-09,Zoom_session_Foundations_module,Lecture,3:00:00,24,3.0
10590,NCLEX_335,2025-06-14,HESI_Pharmacology_Exam,Exam,2:00:00,24,2.0
10591,NCLEX_335,2025-06-16,ON-CAMPUS_session_High-Fidelity_Simulation,Lecture,3:37:30,25,3.625
10592,NCLEX_335,2025-06-16,Pre-simulation_Quiz,Quiz,,25,
10593,NCLEX_335,2025-06-16,Post-simulation_Quiz,Quiz,,25,
10594,NCLEX_335,2025-06-16,Nutrition_Remediation_-_Case_Studies,Assignment,,25,
10595,NCLEX_335,2025-06-16,Nutrition_Remediation_-_Learning_Templates,Assignment,,25,
10596,NCLEX_335,2025-06-21,HESI_Fundamentals_Exam,Exam,2:00:00,25,2.0
10597,NCLEX_335,2025-06-23,ON-CAMPUS_session,Lecture,3:00:00,26,3.0
10598,NCLEX_335,2025-06-23,Quiz_3:_Assessment_Foundations_Pathophysiology,Quiz,,26,
10599,NCLEX_335,2025-06-23,HESI_Exam_Prep:_Fundamentals,Assignment,,26,
10600,NCLEX_335,2025-06-23,Reflection_Quiz,Quiz,,26,
10601,NCLEX_335,2025-06-28,NCLEX_Prep_Module_Review,Review,2:00:00,26,2.0
10602,NCLEX_335,2025-06-30,ZOOM_session_Module_5:_Pharmacology,Lecture,3:00:00,27,3.0
10603,NCLEX_335,2025-07-05,HESI_Exit_Exam,Exam,2:00:00,27,2.0
10604,NCLEX_335,2025-07-07,ZOOM_session_Module_6:_Mental_Health,Lecture,3:00:00,28,3.0
10605,NCLEX_335,2025-07-07,Fundamentals_Remediation_-_Case_Studies,Assignment,,28,
10606,NCLEX_335,2025-07-07,Fundamentals_Remediation_-_Learning_Templates,Assignment,,28,
10607,NCLEX_335,2025-07-14,ON-CAMPUS_session,Lecture,3:00:00,29,3.0
10608,NCLEX_335,2025-07-14,Quiz_4:_Mental_Health_Concepts,Quiz,,29,
10609,NCLEX_335,2025-07-14,HESI_Exam_Prep:_Mental_Health,Assignment,,29,
10610,NCLEX_335,2025-07-14,HESI_Mental_Health_Exam,Exam,2:00:00,29,2.0
10611,NCLEX_335,2025-07-14,Reflection_Quiz,Quiz,,29,
10612,NCLEX_335,2025-07-21,ON-CAMPUS_session,Lecture,3:00:00,30,3.0
10613,NCLEX_335,2025-07-21,Quiz_5:_Maternal_Child_Nursing,Quiz,,30,
10614,NCLEX_335,2025-07-21,HESI_Exam_Prep:_Pathophysiology,Assignment,,30,
10615,NCLEX_335,2025-07-21,HESI_Pathophysiology_Exam,Exam,2:00:00,30,2.0
10616,NCLEX_335,2025-07-21,Reflection_Quiz,Quiz,,30,
10617,NCLEX_335,2025-07-28,ZOOM_session_Mid-HESI_Review,Lecture,3:00:00,31,3.0
10618,NCLEX_335,2025-07-28,Mental_Health_Remediation_-_Case_Studies,Assignment,,31,
10619,NCLEX_335,2025-07-28,Mental_Health_Remediation_-_Learning_Templates,Assignment,,31,
10620,NCLEX_335,2025-08-01,Simulation_Skills_Remediation,Assignment,3:37:30,31,3.625
10621,NCLEX_335,2025-08-04,Pathophysiology_Remediation_-_Case_Studies,Assignment,,32,
10622,NCLEX_335,2025-08-04,Pathophysiology_Remediation_-_Learning_Templates,Assignment,,32,
10623,NCLEX_335,2025-08-07,FINAL_EXAM:_Mid-HESI,Exam,3:00:00,32,3.0
10624,NCLEX_335,2025-08-07,Quiz_6:_Adult_Health_I_Concepts,Quiz,,32,
10625,OBGYN_330,2025-05-05,Lecture,Lecture,3:00:00,19,3.0
10626,OBGYN_330,2025-05-06,Clinical_Orientation,Clinical,10:00:00,19,10.0
10627,OBGYN_330,2025-05-11,Chapter_1:_Clinical_Judgment_and_the_Nursing_Process,Reading,,19,
10628,OBGYN_330,2025-05-11,Chapter_2:_Social_Cultural_and_Ethical_Issues,Reading,,19,
10629,OBGYN_330,2025-05-11,Chapter_3:_Reproductive_Anatomy_and_Physiology,Reading,,19,
10630,OBGYN_330,2025-05-11,Chapter_4:_Hereditary_and_Environmental_Influences_on_Childbearing,Reading,,19,
10631,OBGYN_330,2025-05-11,Chapter_5:_Conception_and_Prenatal_Development,Reading,,19,
10632,OBGYN_330,2025-05-11,Chapter_6:_Adaptations_to_Pregnancy,Reading,,19,
10633,OBGYN_330,2025-05-11,Chapter_7:_Antepartum_Assessment_Care_and_Education,Reading,,19,
10634,OBGYN_330,2025-05-11,Chapter_8:_Nutrition_for_Childbearing,Reading,,19,
10635,OBGYN_330,2025-05-11,Chapter_9:_Prenatal_Diagnosis_and_Fetal_Assessment,Reading,,19,
10636,OBGYN_330,2025-05-11,Osmosis:_Hereditary_Environmental_Influences_on_Childbearing,Video,0:06:00,19,0.1
10637,OBGYN_330,2025-05-11,Osmosis:_Nursing_Care_During_Pregnancy_-_Psychosocial_Changes,Video,0:06:00,19,0.1
10638,OBGYN_330,2025-05-11,Osmosis:_Anatomy_Physiology_of_Pregnancy,Video,0:07:00,19,0.11666666666666667
10639,OBGYN_330,2025-05-11,Osmosis:_Nursing_Care_During_Pregnancy,Video,0:09:00,19,0.15
10640,OBGYN_330,2025-05-11,Osmosis:_Nutritional_Health_During_Pregnancy,Video,0:05:00,19,0.08333333333333333
10641,OBGYN_330,2025-05-11,Osmosis:_Prenatal_Screening_Diagnosis,Video,0:04:00,19,0.06666666666666667
10642,OBGYN_330,2025-05-11,Osmosis:_Labor_Birth_Processes,Video,0:08:00,19,0.13333333333333333
10643,OBGYN_330,2025-05-11,Osmosis:_Fetal_Assessment_During_Labor,Video,0:07:00,19,0.11666666666666667
10644,OBGYN_330,2025-05-11,Osmosis:_Maximizing_Comfort-Nursing_Care,Video,0:09:00,19,0.15
10645,OBGYN_330,2025-05-11,Osmosis:_Maximizing_Comfort_-_Pharmacologic_Management,Video,0:09:00,19,0.15
10646,OBGYN_330,2025-05-11,Osmosis:_Nursing_Care_During_After_Childbirth,Video,0:04:00,19,0.06666666666666667
10647,OBGYN_330,2025-05-11,Module_1_Adaptive_Quiz,Quiz,,19,
10648,OBGYN_330,2025-05-12,Lecture,Lecture,3:00:00,20,3.0
10649,OBGYN_330,2025-05-13,Clinical,Clinical,10:00:00,20,10.0
10650,OBGYN_330,2025-05-18,Chapter_12:_Processes_of_Birth,Reading,,20,
10651,OBGYN_330,2025-05-18,Chapter_13:_Pain_Management_During_Childbirth,Reading,,20,
10652,OBGYN_330,2025-05-18,Chapter_14:_Intrapartum_Fetal_Surveillance,Reading,,20,
10653,OBGYN_330,2025-05-18,Chapter_15:_Nursing_Care_During_Labor_and_Birth,Reading,,20,
10654,OBGYN_330,2025-05-18,Module_2_Adaptive_Quiz,Quiz,,20,
10655,OBGYN_330,2025-05-18,Fetal_Monitoring_Simulation,Simulation,3:37:30,20,3.625
10656,OBGYN_330,2025-05-19,Exam_1,Exam,2:00:00,21,2.0
10657,OBGYN_330,2025-05-20,Clinical,Clinical,10:00:00,21,10.0
10658,OBGYN_330,2025-05-23,Mental-Health_HESI_Remediation,Assignment,,21,
10659,OBGYN_330,2025-05-27,Chapter_17:_Postpartum_Adaptations_and_Nursing_Care,Reading,,22,
10660,OBGYN_330,2025-05-27,Chapter_23:_Infant_Feeding,Reading,,22,
10661,OBGYN_330,2025-05-27,Chapter_26:_Family_Planning,Reading,,22,
10662,OBGYN_330,2025-05-27,Osmosis:_Postpartum_Physiologic_Changes_and_Nursing_Care,Video,0:07:00,22,0.11666666666666667
10663,OBGYN_330,2025-05-27,Osmosis:_Nursing_Care_of_the_Newborn_and_Family,Video,0:09:00,22,0.15
10664,OBGYN_330,2025-05-27,Osmosis:_Infant_Feeding,Video,0:06:00,22,0.1
10665,OBGYN_330,2025-05-27,Osmosis:_Methods_of_Contraception,Video,0:07:00,22,0.11666666666666667
10666,OBGYN_330,2025-06-01,Chapter_20:_Newborn:_Processes_of_Adaptation,Reading,,22,
10667,OBGYN_330,2025-06-01,Osmosis:_Physiologic_Behavioral_Adaptations_of_the_Newborn,Video,0:08:00,22,0.13333333333333333
10668,OBGYN_330,2025-06-01,Chapter_21:_Assessment_of_the_Newborn,Reading,,22,
10669,OBGYN_330,2025-06-01,Osmosis:_Assessment_of_the_Newborn,Video,0:06:00,22,0.1
10670,OBGYN_330,2025-06-01,Chapter_22:_Care_of_the_Newborn,Reading,,22,
10671,OBGYN_330,2025-06-01,Osmosis:_Early_Care_of_the_Newborn,Video,0:06:00,22,0.1
10672,OBGYN_330,2025-06-02,Lecture,Lecture,3:00:00,23,3.0
10673,OBGYN_330,2025-06-03,Clinical,Clinical,10:00:00,23,10.0
10674,OBGYN_330,2025-06-08,Module_3_Adaptive_Quiz,Quiz,,23,
10675,OBGYN_330,2025-06-08,Module_4_Adaptive_Quiz,Quiz,,23,
10676,OBGYN_330,2025-06-09,Exam_2,Exam,2:00:00,24,2.0
10677,OBGYN_330,2025-06-10,Clinical,Clinical,10:00:00,24,10.0
10678,OBGYN_330,2025-06-14,Module_5_Pregnancy_at_Risk_Part_One,Video,1:49:00,24,1.8166666666666667
10679,OBGYN_330,2025-06-14,Module_5_Pregnancy_at_Risk_Part_Two,Video,0:57:00,24,0.95
10680,OBGYN_330,2025-06-14,Module_5_Pregnancy_at_Risk_Part_Three,Video,1:31:00,24,1.5166666666666666
10681,OBGYN_330,2025-06-14,Module_5_Adaptive_Quiz,Quiz,,24,
10682,OBGYN_330,2025-06-14,Module_6_Adaptive_Quiz,Quiz,,24,
10683,OBGYN_330,2025-06-15,Chapter_10:_Complications_of_Pregnancy,Reading,,24,
10684,OBGYN_330,2025-06-15,Chapter_11:_The_Childbearing_Family_with_Special_Needs,Reading,,24,
10685,OBGYN_330,2025-06-15,Module_5_Key_Terms,Assignment,,24,
10686,OBGYN_330,2025-06-15,Osmosis:_Medical-Surgical_Disorders_Impacting_Pregnancy,Video,0:10:00,24,0.16666666666666666
10687,OBGYN_330,2025-06-15,Osmosis:_Hemorrhagic_Conditions_of_Early_and_Late_Pregnancy,Video,0:05:00,24,0.08333333333333333
10688,OBGYN_330,2025-06-15,Osmosis:_Hypertensive_Disorders_of_Pregnancy_and_Nursing_Considerations,Video,0:07:00,24,0.11666666666666667
10689,OBGYN_330,2025-06-16,Lecture,Lecture,3:00:00,25,3.0
10690,OBGYN_330,2025-06-17,Clinical_Day_1,Clinical,10:00:00,25,10.0
10691,OBGYN_330,2025-06-22,Chapter_16:_Intrapartum_Complications,Reading,,25,
10692,OBGYN_330,2025-06-22,Chapter_19:_Critical_Care_Obstetrics,Reading,,25,
10693,OBGYN_330,2025-06-22,Osmosis:_Intrapartum_Complications,Video,0:05:00,25,0.08333333333333333
10694,OBGYN_330,2025-06-22,Module_7_Adaptive_Quiz,Quiz,,25,
10695,OBGYN_330,2025-06-22,Module_8_Adaptive_Quiz,Quiz,,25,
10696,OBGYN_330,2025-06-23,Lecture,Lecture,3:00:00,26,3.0
10697,OBGYN_330,2025-06-24,Clinical_Day_2,Clinical,10:00:00,26,10.0
10698,OBGYN_330,2025-06-28,Exam_3,Exam,2:00:00,26,2.0
10699,OBGYN_330,2025-07-01,Clinical_Day_3,Clinical,10:00:00,27,10.0
10700,OBGYN_330,2025-07-06,Lecture,Lecture,3:00:00,27,3.0
10701,OBGYN_330,2025-07-06,Chapter_18:_Postpartum_Complications,Reading,,27,
10702,OBGYN_330,2025-07-06,Osmosis:_Perinatal_and_Postpartum_Mood_and_Anxiety_Disorders,Video,0:07:00,27,0.11666666666666667
10703,OBGYN_330,2025-07-06,Osmosis:_Postpartum_Complications,Video,0:08:00,27,0.13333333333333333
10704,OBGYN_330,2025-07-08,Clinical_Day_4,Clinical,10:00:00,28,10.0
10705,OBGYN_330,2025-07-10,Final_Exam,Exam,2:00:00,28,2.0
10706,OBGYN_330,2025-07-13,Chapter_24:_High-Risk_Newborn:_Complications_Associated_with_Gestational_Age_and_Development,Reading,,28,
10707,OBGYN_330,2025-07-13,Chapter_25:_High-Risk_Newborn:_Acquired_and_Congenital_Conditions,Reading,,28,
10708,OBGYN_330,2025-07-13,Osmosis:_High-Risk_Newborn:_Complications_Associated_with_Gestational_Age_and_Development,Video,0:08:00,28,0.13333333333333333
10709,OBGYN_330,2025-07-13,Osmosis:_High-Risk_Newborn:_Acquired_and_Congenital_Conditions,Video,0:08:00,28,0.13333333333333333
10710,OBGYN_330,2025-07-14,Lecture,Lecture,3:00:00,29,3.0
10711,OBGYN_330,2025-07-15,Clinical_Day_5,Clinical,10:00:00,29,10.0
10712,OBGYN_330,2025-07-21,EXAM_4,Exam,2:00:00,30,2.0
10713,OBGYN_330,2025-07-27,Assignment:_Postpartum_Hemorrhage,Assignment,,30,
10714,OBGYN_330,2025-07-27,Simulation_Ticket_to_Enter_Pre-work,Assignment,,30,
10715,OBGYN_330,2025-07-28,HESI_Standardized_Exam,Exam,2:30:00,31,2.5
10716,OBGYN_330,2025-07-31,OB_Simulation,Simulation,3:37:30,31,3.625
10717,OBGYN_330,2025-08-04,FINAL_EXAM,Exam,2:00:00,32,2.0
10718,OBGYN_330,2025-08-04,HESI_Remediation_Assignment,Assignment,,32,
10719,Adult_310,2025-05-07,Cardiology_Lecture,Lecture,3:05:00,19,3.0833333333333335
10720,Adult_310,2025-05-07,Dosage_Calculation_Quiz,Quiz,,19,
10721,Adult_310,2025-05-07,Cardiology_Pre-Class_Video,Video,0:07:02,19,0.11722222222222223
10722,Adult_310,2025-05-07,Chapter_21:_Assessment_of_Cardiovascular_Function,Reading,,19,
10723,Adult_310,2025-05-07,Chapter_22:_Arrhythmias_and_Conduction_Problems,Reading,,19,
10724,Adult_310,2025-05-07,Chapter_23:_Coronary_Vascular_Disorders,Reading,,19,
10725,Adult_310,2025-05-07,Chapter_26:_Vascular_Disorders,Reading,,19,
10726,Adult_310,2025-05-08,Clinical_Day_1,Clinical,10:00:00,19,10.0
10727,Adult_310,2025-05-08,Clinical_Video_SBAR_Week_1,Video,0:30:00,19,0.5
10728,Adult_310,2025-05-14,Cardiology_Quiz,Quiz,,20,
10729,Adult_310,2025-05-14,Hematology_Quiz,Quiz,,20,
10730,Adult_310,2025-05-14,Hematology_Lecture,Lecture,3:05:00,20,3.0833333333333335
10731,Adult_310,2025-05-15,Lab_1,Lab,4:00:00,20,4.0
10732,Adult_310,2025-05-15,Clinical_Video_SBAR_Week_2,Video,0:30:00,20,0.5
10733,Adult_310,2025-05-20,CoursePoint_Clotting_PrepU_Mastery_Quiz,Assignment,,21,
10734,Adult_310,2025-05-20,CoursePoint_Sensory_Perception_PrepU_Mastery_Quiz,Assignment,,21,
10735,Adult_310,2025-05-20,CoursePoint_Concepts_in_Action:_Cardiac_Cycle_Animation,Video,0:05:00,21,0.08333333333333333
10736,Adult_310,2025-05-20,One-Minute_Nurse:_Anticoagulant_vs_Antiplatelet_vs_Thrombolytics,Video,0:05:00,21,0.08333333333333333
10737,Adult_310,2025-05-20,One-Minute_Nurse:_Antihypertensives,Video,0:05:00,21,0.08333333333333333
10738,Adult_310,2025-05-20,One-Minute_Nurse:_Aseptic_Technique,Video,0:05:00,21,0.08333333333333333
10739,Adult_310,2025-05-20,One-Minute_Nurse:_Dysrhythmia,Video,0:05:00,21,0.08333333333333333
10740,Adult_310,2025-05-20,One-Minute_Nurse:_Heparin,Video,0:05:00,21,0.08333333333333333
10741,Adult_310,2025-05-20,One-Minute_Nurse:_Loop_Diuretics,Video,0:05:00,21,0.08333333333333333
10742,Adult_310,2025-05-20,One-Minute_Nurse:_Myocardial_Infarction,Video,0:05:00,21,0.08333333333333333
10743,Adult_310,2025-05-20,One-Minute_Nurse:_Nitroglycerin,Video,0:05:00,21,0.08333333333333333
10744,Adult_310,2025-05-20,One-Minute_Nurse:_Rights_of_Medication_Administration,Video,0:05:00,21,0.08333333333333333
10745,Adult_310,2025-05-20,CoursePoint:_Angina_Interactive_Case_Study,Simulation,,21,
10746,Adult_310,2025-05-20,Watch_and_Learn:_Continuous_Tube_Feeding,Video,0:06:59,21,0.1163888888888889
10747,Adult_310,2025-05-20,Watch_and_Learn:_Subcutaneous_Injection,Video,0:07:56,21,0.1322222222222222
10748,Adult_310,2025-05-20,Watch_and_Learn:_Intramuscular_Injection,Video,0:08:57,21,0.14916666666666667
10749,Adult_310,2025-05-21,Exam_1,Exam,3:05:00,21,3.0833333333333335
10750,Adult_310,2025-05-22,Lab_2,Lab,4:00:00,21,4.0
10751,Adult_310,2025-05-22,Clinical_Video_SBAR_Week_3,Video,0:30:00,21,0.5
10752,Adult_310,2025-05-23,Foundations_HESI_Remediation,Assignment,,21,
10753,Adult_310,2025-05-27,Fluids_Pre-Class_Video,Video,0:17:35,22,0.29305555555555557
10754,Adult_310,2025-05-27,Upper_Respiratory_Pre-Class_Video,Video,0:16:37,22,0.27694444444444444
10755,Adult_310,2025-05-27,Chapter_10:_Fluid_Electrolytes,Reading,,22,
10756,Adult_310,2025-05-27,Chapter_18:_Upper_Respiratory_Disorders,Reading,,22,
10757,Adult_310,2025-05-27,Watch_and_Learn:_Monitoring_IV_Site_and_Infusion,Video,0:07:26,22,0.1238888888888889
10758,Adult_310,2025-05-28,Module_4_Fluids_Quiz,Quiz,,22,
10759,Adult_310,2025-05-28,Fluids_URI_Lecture,Lecture,3:05:00,22,3.0833333333333335
10760,Adult_310,2025-05-29,Clinical_Day_2,Clinical,10:00:00,22,10.0
10761,Adult_310,2025-05-29,Clinical_Video_SBAR_Week_4,Video,0:30:00,22,0.5
10762,Adult_310,2025-06-03,Electrolytes_Pre-Class_Video,Video,0:17:50,23,0.2972222222222222
10763,Adult_310,2025-06-03,Chapter_10:_Fluid_Electrolytes,Reading,,23,
10764,Adult_310,2025-06-03,Concepts_in_Action:_Edema,Video,,23,
10765,Adult_310,2025-06-04,Module_5_Electrolytes_Quiz,Quiz,,23,
10766,Adult_310,2025-06-04,Electrolytes_Lecture,Lecture,3:05:00,23,3.0833333333333335
10767,Adult_310,2025-06-05,Clinical_Day_3,Clinical,10:00:00,23,10.0
10768,Adult_310,2025-06-05,Clinical_Video_SBAR_Week_5,Video,0:30:00,23,0.5
10769,Adult_310,2025-06-11,Exam_2,Exam,2:00:00,24,2.0
10770,Adult_310,2025-06-12,Clinical_Day_4,Clinical,10:00:00,24,10.0
10771,Adult_310,2025-06-12,Clinical_Video_SBAR_Week_6,Video,0:30:00,24,0.5
10772,Adult_310,2025-06-17,Operative_Pre-Class_Video,Video,0:48:48,25,0.8133333333333334
10773,Adult_310,2025-06-17,Integumentary_I_Pre-Class_Video,Video,0:38:08,25,0.6355555555555555
10774,Adult_310,2025-06-17,Chapter_14:_Preoperative_Nursing_Management,Reading,,25,
10775,Adult_310,2025-06-17,Chapter_15:_Intraoperative_Nursing_Management,Reading,,25,
10776,Adult_310,2025-06-17,Chapter_16:_Postoperative_Nursing_Management,Reading,,25,
10777,Adult_310,2025-06-17,Chapter_26:_Vascular_Disorders,Reading,,25,
10778,Adult_310,2025-06-17,Chapter_33:_Allergic_Disorders,Reading,,25,
10779,Adult_310,2025-06-17,Watch_and_Learn:_Preoperative_Care,Video,0:10:34,25,0.1761111111111111
10780,Adult_310,2025-06-17,Watch_and_Learn:_Postoperative_Care,Video,0:13:00,25,0.21666666666666667
10781,Adult_310,2025-06-18,Module_6_Acid-Base_Quiz,Quiz,,25,
10782,Adult_310,2025-06-18,Acid-Base_Lecture,Lecture,3:05:00,25,3.0833333333333335
10783,Adult_310,2025-06-19,Clinical_Day_5,Clinical,10:00:00,25,10.0
10784,Adult_310,2025-06-19,Clinical_Video_SBAR_Week_7,Video,0:30:00,25,0.5
10785,Adult_310,2025-06-24,Immune_Pre-Class_Video,Video,,26,
10786,Adult_310,2025-06-24,Chapter_33:_Allergic_Disorders,Reading,,26,
10787,Adult_310,2025-06-25,Module_7_Endocrine_Quiz,Quiz,,26,
10788,Adult_310,2025-06-25,Endocrine_Lecture,Lecture,3:05:00,26,3.0833333333333335
10789,Adult_310,2025-06-26,Clinical_Day_6,Clinical,10:00:00,26,10.0
10790,Adult_310,2025-06-26,Clinical_Video_SBAR_Week_8,Video,0:30:00,26,0.5
10791,Adult_310,2025-06-30,Integumentary_and_Diabetes_Pre-Class_Video,Video,,27,
10792,Adult_310,2025-06-30,Chapter_46:_Diabetes,Reading,,27,
10793,Adult_310,2025-06-30,Chapter_55:_Integumentary_Function,Reading,,27,
10794,Adult_310,2025-06-30,Chapter_56:_Dermatologic_Disorders,Reading,,27,
10795,Adult_310,2025-06-30,Chapter_57:_Burn_Injury,Reading,,27,
10796,Adult_310,2025-06-30,Chapter_67:_Emergency_Nursing,Reading,,27,
10797,Adult_310,2025-06-30,One_Minute_Nurse:_Diabetes_Mellitus_Insulin,Video,,27,
10798,Adult_310,2025-06-30,Watch_and_Learn:_Wound_Irrigation,Video,0:14:43,27,0.2452777777777778
10799,Adult_310,2025-07-01,Module_8_GI_Quiz,Quiz,,27,
10800,Adult_310,2025-07-01,GI_Lecture,Lecture,3:05:00,27,3.0833333333333335
10801,Adult_310,2025-07-02,Clinical_Day_7,Clinical,10:00:00,27,10.0
10802,Adult_310,2025-07-02,Clinical_Video_SBAR_Week_9,Video,0:30:00,27,0.5
10803,Adult_310,2025-07-03,Simulation,Simulation,8:00:00,27,8.0
10804,Adult_310,2025-07-07,Neuro_Reading,Reading,,28,
10805,Adult_310,2025-07-08,Module_9_Neuro_Quiz,Quiz,,28,
10806,Adult_310,2025-07-08,Neuro_Lecture,Lecture,3:05:00,28,3.0833333333333335
10807,Adult_310,2025-07-08,vSim:_Skylar_Hansen,Simulation,,28,
10808,Adult_310,2025-07-09,Clinical_Day_8,Clinical,10:00:00,28,10.0
10809,Adult_310,2025-07-09,Clinical_Video_SBAR_Week_10,Video,0:30:00,28,0.5
10810,Adult_310,2025-07-11,Final_Exam,Exam,2:00:00,28,2.0
10811,Adult_310,2025-07-12,Clinical_Final_Reflection_Paper,Assignment,,28,
10812,Adult_310,2025-07-15,Genitourinary_and_Musculoskeletal_Pre-Class_Video,Video,,29,
10813,Adult_310,2025-07-15,Chapter_35:_Assessment_of_Musculoskeletal_Function,Reading,,29,
10814,Adult_310,2025-07-15,Chapter_36:_Management_of_Patients_with_Musculoskeletal_Disorders,Reading,,29,
10815,Adult_310,2025-07-15,Chapter_47:_Assessment_of_Kidney_and_Urinary_Function,Reading,,29,
10816,Adult_310,2025-07-15,Chapter_49:_Management_of_Patients_with_Urinary_Disorders,Reading,,29,
10817,Adult_310,2025-07-15,One_Minute_Nurse:_UTI,Video,0:03:13,29,0.053611111111111116
10818,Adult_310,2025-07-15,Concepts_in_Action:_Renal_Function,Activity,0:02:28,29,0.04111111111111111
10819,Adult_310,2025-07-15,Watch_and_Learn:_Catheterizing_the_Male_Urinary_Bladder,Video,0:15:43,29,0.2619444444444444
10820,Adult_310,2025-07-15,Watch_and_Learn:_Applying_a_Condom_Catheter,Video,0:06:45,29,0.1125
10821,Adult_310,2025-07-16,Module_11_Genitourinary_Quiz,Quiz,,29,
10822,Adult_310,2025-07-16,GU_Musculoskeletal_I_Lecture,Lecture,3:05:00,29,3.0833333333333335
10823,Adult_310,2025-07-17,Clinical_Day_6,Clinical,10:00:00,29,10.0
10824,Adult_310,2025-07-17,Clinical_Video_SBAR_Week_11,Video,0:30:00,29,0.5
10825,Adult_310,2025-07-21,Musculoskeletal_and_Gastrointestinal_Pre-Class_Video,Video,,30,
10826,Adult_310,2025-07-21,Chapter_37:_Management_of_Patients_with_Musculoskeletal_Trauma,Reading,,30,
10827,Adult_310,2025-07-21,Chapter_38:_Assessment_of_Digestive_and_Gastrointestinal_Function,Reading,,30,
10828,Adult_310,2025-07-21,Chapter_39:_Management_of_Patients_with_Oral_and_Esophageal_Disorders,Reading,,30,
10829,Adult_310,2025-07-21,Chapter_40:_Management_of_Patients_with_Gastric_and_Duodenal_Disorders,Reading,,30,
10830,Adult_310,2025-07-21,Chapter_41:_Management_of_Patients_with_Intestinal_and_Rectal_Disorders,Reading,,30,
10831,Adult_310,2025-07-21,Chapter_44:_Management_of_Patients_with_Biliary_Disorders,Reading,,30,
10832,Adult_310,2025-07-21,Watch_and_Learn:_Inserting_a_Nasogastric_Tube,Video,0:12:55,30,0.2152777777777778
10833,Adult_310,2025-07-21,Watch_and_Learn:_Administering_Continuous_Tube_Feeding_Using_a_Feeding_Pump,Video,0:05:58,30,0.09944444444444445
10834,Adult_310,2025-07-22,vSim:_Marilyn_Hughes,Simulation,,30,
10835,Adult_310,2025-07-23,Module_12_Musculoskeletal_Quiz,Quiz,,30,
10836,Adult_310,2025-07-23,Module_12_Gastrointestinal_Quiz,Quiz,,30,
10837,Adult_310,2025-07-23,Musculoskeletal_II_GI_Lecture,Lecture,3:05:00,30,3.0833333333333335
10838,Adult_310,2025-07-24,Clinical_Day_7,Clinical,10:00:00,30,10.0
10839,Adult_310,2025-07-24,Clinical_Video_SBAR_Week_12,Video,0:30:00,30,0.5
10840,Adult_310,2025-07-25,Critical_Skills_Demo:_Handwashing,Assignment,,30,
10841,Adult_310,2025-07-25,Critical_Skills_Demo:_Manual_Vital_Signs,Assignment,,30,
10842,Adult_310,2025-07-29,vSim:_Stan_Checketts,Simulation,,31,
10843,Adult_310,2025-07-30,EXAM_4,Exam,2:00:00,31,2.0
10844,Adult_310,2025-08-06,FINAL_EXAM,Exam,3:00:00,32,3.0
10845,Adult_310,,vSim:_Lloyd_Bennett,Simulation,,,
10846,Gerontology_315,2025-05-05,Class,Lecture,3:00:00,19,3.0
10847,Gerontology_315,2025-05-05,Attendance_Quiz_Week_1,Quiz,,19,
10848,Gerontology_315,2025-05-05,Post-Class_Attendance_Week_1,Assignment,,19,
10849,Gerontology_315,2025-05-07,Chapter_1_Recording,Video,0:23:21,19,0.3891666666666667
10850,Gerontology_315,2025-05-07,Chapter_2_Recording,Video,0:21:23,19,0.35638888888888887
10851,Gerontology_315,2025-05-07,Chapter_3_Recording,Video,"00:34:11
",19,0.5697222222222222
10852,Gerontology_315,2025-05-07,Chapter_4_Recording,Video,0:27:47,19,0.46305555555555555
10853,Gerontology_315,2025-05-07,Chapter_5_Recording,Video,0:30:19,19,0.5052777777777778
10854,Gerontology_315,2025-05-07,Chapter_1_Reading:_The_Aging_Population,Reading,,19,
10855,Gerontology_315,2025-05-07,Chapter_2_Reading:_Theories_of_Aging,Reading,,19,
10856,Gerontology_315,2025-05-07,Chapter_3_Reading:_Diversity,Reading,,19,
10857,Gerontology_315,2025-05-07,Chapter_4_Reading:_Life_Transitions_and_Story,Reading,,19,
10858,Gerontology_315,2025-05-07,Chapter_5_Reading:_Common_Aging_Changes,Reading,,19,
10859,Gerontology_315,2025-05-11,Chapter_1_Reading,Reading,,19,
10860,Gerontology_315,2025-05-11,Chapter_2_Reading,Reading,,19,
10861,Gerontology_315,2025-05-11,Chapter_3_Reading,Reading,,19,
10862,Gerontology_315,2025-05-11,Chapter_4_Reading,Reading,,19,
10863,Gerontology_315,2025-05-11,Chapter_5_Reading,Reading,,19,
10864,Gerontology_315,2025-05-12,CastleBranch_Education_Quiz,Quiz,,20,
10865,Gerontology_315,2025-05-12,Lecture,Lecture,3:00:00,20,3.0
10866,Gerontology_315,2025-05-12,Attendance_Quiz_Week_2,Quiz,,20,
10867,Gerontology_315,2025-05-14,Topic_3_Assignment:_Legal_Ethical_Aspects,Assignment,,20,
10868,Gerontology_315,2025-05-14,Quiz_1:_Modules_1-2_Respondus,Quiz,,20,
10869,Gerontology_315,2025-05-14,Chapter_6_Recording,Video,,20,
10870,Gerontology_315,2025-05-14,Chapter_7_Recording,Video,0:13:29,20,0.22472222222222224
10871,Gerontology_315,2025-05-14,Chapter_8_Recording,Video,,20,
10872,Gerontology_315,2025-05-14,Chapter_9_Recording,Video,0:11:05,20,0.1847222222222222
10873,Gerontology_315,2025-05-14,Chapter_10_Recording,Video,0:10:14,20,0.17055555555555554
10874,Gerontology_315,2025-05-18,CastleBranch_Quiz_closes,Assignment,,20,
10875,Gerontology_315,2025-05-20,Chapter_6_Reading:_The_Specialty_of_Gerontological_Nursing,Reading,,21,
10876,Gerontology_315,2025-05-20,Chapter_7_Reading:_Holistic_Assessment_Care_Planning,Reading,,21,
10877,Gerontology_315,2025-05-20,Chapter_8_Reading:_Legal_Aspects,Reading,,21,
10878,Gerontology_315,2025-05-20,Chapter_9_Reading:_Ethical_Aspects,Reading,,21,
10879,Gerontology_315,2025-05-20,Chapter_10_Reading:_Continuum_of_Care,Reading,,21,
10880,Gerontology_315,2025-05-21,Exam_1:_Modules_1_2,Exam,2:00:00,21,2.0
10881,Gerontology_315,2025-05-28,Lecture,Lecture,3:00:00,22,3.0
10882,Gerontology_315,2025-05-28,Attendance_Quiz_Week_4,Quiz,,22,
10883,Gerontology_315,2025-05-28,One-Minute_Nurse_Falls-Prevention_Video,Video,,22,
10884,Gerontology_315,2025-05-28,One-Minute_Nurse_Falls-Prevention_Quiz,Quiz,,22,
10885,Gerontology_315,2025-05-28,Topic_6_Assignment,Assignment,,22,
10886,Gerontology_315,2025-06-01,Chapter_11_Reading:_Nutrition_Hydration,Reading,,22,
10887,Gerontology_315,2025-06-01,Chapter_12_Reading:_Sleep_Rest,Reading,,22,
10888,Gerontology_315,2025-06-01,Chapter_13_Reading:_Comfort_Pain_Management,Reading,,22,
10889,Gerontology_315,2025-06-01,Chapter_14_Reading:_Safety,Reading,,22,
10890,Gerontology_315,2025-06-01,Chapter_15_Reading:_Safe_Medication_Use,Reading,,22,
10891,Gerontology_315,2025-06-02,Attendance_Quiz_Week_5,Quiz,,23,
10892,Gerontology_315,2025-06-02,Assessment_of_the_Older_Adult_Assignment,Assignment,,23,
10893,Gerontology_315,2025-06-04,Lecture,Lecture,3:00:00,23,3.0
10894,Gerontology_315,2025-06-04,Chapter_11_Recording,Video,0:23:59,23,0.39972222222222226
10895,Gerontology_315,2025-06-04,Chapter_12_Recording,Video,0:16:47,23,0.2797222222222222
10896,Gerontology_315,2025-06-04,Chapter_13_Recording,Video,0:18:56,23,0.31555555555555553
10897,Gerontology_315,2025-06-04,Chapter_14_Recording,Video,0:31:37,23,0.5269444444444445
10898,Gerontology_315,2025-06-04,Chapter_15_Recording,Video,1:36:49,23,1.613611111111111
10899,Gerontology_315,2025-06-04,Quiz_2:_Modules_3_4_Respondus,Quiz,,23,
10900,Gerontology_315,2025-06-08,Chapter_16_Reading:_Respiration,Reading,,23,
10901,Gerontology_315,2025-06-08,Chapter_17_Reading:_Circulation,Reading,,23,
10902,Gerontology_315,2025-06-08,Chapter_18_Reading:_Digestion_Bowel_Elimination,Reading,,23,
10903,Gerontology_315,2025-06-09,Lecture,Lecture,3:00:00,24,3.0
10904,Gerontology_315,2025-06-11,Chapter_16_Recording,Video,0:23:59,24,0.39972222222222226
10905,Gerontology_315,2025-06-11,Chapter_17_Recording_Part_1,Video,0:36:31,24,0.6086111111111111
10906,Gerontology_315,2025-06-11,Chapter_17_Recording_Part_2,Video,0:13:56,24,0.23222222222222222
10907,Gerontology_315,2025-06-11,Chapter_18_Recording,Video,0:27:16,24,0.45444444444444443
10908,Gerontology_315,2025-06-11,Chapter_19_Recording,Video,0:41:56,24,0.6988888888888889
10909,Gerontology_315,2025-06-11,Chapter_20_Recording,Video,0:44:56,24,0.7488888888888888
10910,Gerontology_315,2025-06-11,Chapter_21_Recording,Video,0:31:06,24,0.5183333333333334
10911,Gerontology_315,2025-06-11,Attendance_Quiz_Week_6,Quiz,,24,
10912,Gerontology_315,2025-06-11,Chapter_19_Reading:_Urinary_Elimination,Reading,,24,
10913,Gerontology_315,2025-06-11,Chapter_20_Reading:_Reproductive_System_Health,Reading,,24,
10914,Gerontology_315,2025-06-11,Chapter_21_Reading:_Mobility,Reading,,24,
10915,Gerontology_315,2025-06-15,Chapter_19_Reading:_Urinary_Elimination,Reading,,24,
10916,Gerontology_315,2025-06-15,Chapter_20_Reading:_Reproductive_System_Health,Reading,,24,
10917,Gerontology_315,2025-06-15,Chapter_21_Reading:_Mobility,Reading,,24,
10918,Gerontology_315,2025-06-16,Lecture,Lecture,3:00:00,25,3.0
10919,Gerontology_315,2025-06-16,Attendance_Quiz_Week_7,Quiz,,25,
10920,Gerontology_315,2025-06-16,Group_Project_Submission,Assignment,,25,
10921,Gerontology_315,2025-06-18,Lecture,Lecture,3:00:00,25,3.0
10922,Gerontology_315,2025-06-18,Exam_2:_Modules_3-5,Exam,2:00:00,25,2.0
10923,Gerontology_315,2025-06-22,Chapters_22_23_Readings,Reading,,25,
10924,Gerontology_315,2025-06-22,Chapter_24_Reading:_Cognitive_Function,Reading,,25,
10925,Gerontology_315,2025-06-23,Lecture,Lecture,3:00:00,26,3.0
10926,Gerontology_315,2025-06-23,Attendance_Quiz_Week_8,Quiz,,26,
10927,Gerontology_315,2025-06-23,Quiz_3:_Modules_5_6,Quiz,,26,
10928,Gerontology_315,2025-06-23,Recording:_Chapter_22,Video,0:33:39,26,0.5608333333333334
10929,Gerontology_315,2025-06-23,Recording:_Chapter_23,Video,0:45:41,26,0.7613888888888889
10930,Gerontology_315,2025-06-23,Recording:_Chapter_24,Video,0:30:08,26,0.5022222222222222
10931,Gerontology_315,2025-06-23,Team_Project_Submission_1,Assignment,,26,
10932,Gerontology_315,2025-06-25,Lecture,Lecture,3:00:00,26,3.0
10933,Gerontology_315,2025-06-25,One-Minute_Nurse:_Alzheimer_Disease_Quiz,Quiz,,26,
10934,Gerontology_315,2025-06-25,One-Minute_Nurse:_Alzheimer_Disease_Video,Video,,26,
10935,Gerontology_315,2025-06-25,One-Minute_Nurse:_Delirium_vs_Dementia_Quiz,Quiz,,26,
10936,Gerontology_315,2025-06-25,One-Minute_Nurse:_Delirium_vs_Dementia_Video,Video,,26,
10937,Gerontology_315,2025-06-25,Topic_13:_Immunity_Infections_Chronic_Conditions_and_Cancer,Assignment,,26,
10938,Gerontology_315,2025-06-27,Chapter_25_Reading:_Depression,Reading,,26,
10939,Gerontology_315,2025-06-27,Chapter_26_Reading:_Delirium_and_Dementia,Reading,,26,
10940,Gerontology_315,2025-06-27,Chapter_27_Reading:_Neurologic_Function,Reading,,26,
10941,Gerontology_315,2025-06-29,Lecture,Lecture,3:00:00,26,3.0
10942,Gerontology_315,2025-06-29,Attendance_Quiz_Week_9,Quiz,,26,
10943,Gerontology_315,2025-06-29,Dementia_Assignment,Assignment,,26,
10944,Gerontology_315,2025-06-29,Recording:_Chapter_25,Video,0:47:40,26,0.7944444444444444
10945,Gerontology_315,2025-06-29,Recording:_Chapter_26,Video,0:37:20,26,0.6222222222222222
10946,Gerontology_315,2025-06-29,Recording:_Chapter_27,Video,0:40:45,26,0.6791666666666666
10947,Gerontology_315,2025-06-29,Chapter_22_Reading:_Neurologic_Function,Reading,,26,
10948,Gerontology_315,2025-06-29,Chapter_23_Reading:_Vision_and_Hearing,Reading,,26,
10949,Gerontology_315,2025-06-29,Chapter_24_Reading:_Endocrine_Function,Reading,,26,
10950,Gerontology_315,2025-06-29,Chapter_25_Reading:_Skin_Health,Reading,,26,
10951,Gerontology_315,2025-06-29,Chapter_26_Reading:_Cancer,Reading,,26,
10952,Gerontology_315,2025-06-29,Chapter_27_Reading:_Mental_Health_Disorders,Reading,,26,
10953,Gerontology_315,2025-06-29,Chapter_28_Reading:_Delirium_and_Dementia,Reading,,26,
10954,Gerontology_315,2025-06-29,Chapter_29_Reading:_Living_in_Harmony_With_Chronic_Conditions,Reading,,26,
10955,Gerontology_315,2025-07-01,Lecture,Lecture,3:00:00,27,3.0
10956,Gerontology_315,2025-07-02,Topic_15:_Continuum_of_Care_and_Care_Settings,Assignment,,27,
10957,Gerontology_315,2025-07-06,Class,Lecture,3:00:00,27,3.0
10958,Gerontology_315,2025-07-06,Attendance_Quiz_Week_10,Quiz,,27,
10959,Gerontology_315,2025-07-06,Final_Reflection_Paper,Assignment,,27,
10960,Gerontology_315,2025-07-06,Chapter_32_Reading:_Rehabilitative_and_Restorative_Care,Reading,,27,
10961,Gerontology_315,2025-07-06,Chapter_33_Reading:_Acute_Care,Reading,,27,
10962,Gerontology_315,2025-07-06,Chapter_34_Reading:_Long-Term_Care,Reading,,27,
10963,Gerontology_315,2025-07-09,Lecture,Lecture,3:00:00,28,3.0
10964,Gerontology_315,2025-07-09,Post_Class_Attendance_Week_10,Assignment,,28,
10965,Gerontology_315,2025-07-09,One-Minute_Nurse:_End-of-Life_Considerations_Video,Video,,28,
10966,Gerontology_315,2025-07-09,Quiz_4:_Modules_7_8,Quiz,,28,
10967,Gerontology_315,2025-07-13,Chapter_30_Reading:_Spirituality,Reading,,28,
10968,Gerontology_315,2025-07-13,Chapter_31_Reading:_Sexuality_and_Intimacy,Reading,,28,
10969,Gerontology_315,2025-07-13,Chapter_35_Reading:_Family_Caregiving,Reading,,28,
10970,Gerontology_315,2025-07-13,Chapter_36_Reading:_End-of-Life_Care,Reading,,28,
10971,Gerontology_315,2025-07-14,Final_Team_Project_Presentation_Submission,Assignment,,29,
10972,Gerontology_315,2025-07-16,PRESENTATIONS,Lecture,3:00:00,29,3.0
10973,Gerontology_315,2025-07-16,Attendance_Quiz_Week_11,Quiz,,29,
10974,Gerontology_315,2025-07-23,EXAM_3,Exam,2:00:00,30,2.0
10975,Gerontology_315,2025-07-30,HESI_Specialty_Exam,Exam,2:00:00,31,2.0
